{
    "arabica": [
        {
            "foto": "images/produk/product_capuchino.jpg",
            "nama": "Cappuccino Arabica",
            "size": "500 Gram",
            "harga": "200.000",
            "link": "https://www.google.com/search?q=cappuccino+arabica&tbm=shop"
        },
        {
            "foto": "images/produk/product_espresso.jpg",
            "nama": "Pahit Arabica",
            "size": "100 Gram",
            "harga": "100.000",
            "link": "https://www.google.com/search?q=pahit+arabica&tbm=shop"
        },
        {
            "foto": "images/produk/product_latte.jpg",
            "nama": "Latte Arabica",
            "size": "150 Gram",
            "harga": "150.000",
            "link": "https://www.google.com/search?q=latte+arabica&tbm=shop"
        }
    ],
    "robusta": [
        {
            "foto": "images/produk/product_kopi_susu.jpg",
            "nama": "Kopsus Robusta",
            "size": "100 Gram",
            "harga": "500.000",
            "link": "https://www.google.com/search?q=kopi+susu+robusta&tbm=shop"
        },
        {
            "foto": "images/produk/product_latte.jpg",
            "nama": "Latte Robusta",
            "size": "150 Gram",
            "harga": "150.000",
            "link": "https://www.google.com/search?q=latte+robusta&tbm=shop"
        }
    ],
    "Minuman": [
        {
            "nama": "Cappuccino",
            "foto": "images/produk/product_capuchino.jpg",
            "harga": "Rp 35.000",
            "size": "250 Ml",
            "link": "https://www.tokopedia.com/kopikuy/kopi-kuy-cappuccino-250-ml"
        },
        {
            "nama": "Espresso",
            "foto": "images/produk/product_espresso.jpg",
            "harga": "Rp 25.000",
            "size": "150 Ml",
            "link": "https://www.tokopedia.com/kopikuy/kopi-kuy-espresso-150-ml"
        },
        {
            "nama": "kopi_susu",
            "foto": "images/produk/product_kopi_susu.jpg",
            "harga": "Rp 27.000",
            "size": "150 Ml",
            "link": "https://www.tokopedia.com/kopikuy/kopi-kuy-kopi_susu-150-ml"
        },
        {
            "nama": "Latte",
            "foto": "images/produk/product_latte.jpg",
            "harga": "Rp 30.000",
            "size": "150 Ml",
            "link": "https://www.tokopedia.com/kopikuy/kopi-kuy-latte-150-ml"
        }
    ]
}